{"cameraMode":{"drawMode":0,"name":"Shaded","section":"Shading Mode"},"sceneLighting":true,"audioPlay":false,"sceneViewState":{"showFog":true,"showMaterialUpdate":false,"showSkybox":true,"showFlares":true,"showImageEffects":true,"showParticleSystems":true},"in2DMode":false,"pivot":{"x":-3.0680224895477297,"y":1.4389879703521729,"z":4.783377170562744},"rotation":{"x":-0.060302913188934329,"y":-0.6901373267173767,"z":-0.05789469555020332,"w":0.7188760042190552},"size":2.001859426498413,"orthographic":false}