{"cameraMode":{"drawMode":0,"name":"Shaded","section":"Shading Mode"},"sceneLighting":true,"audioPlay":false,"sceneViewState":{"showFog":true,"showMaterialUpdate":false,"showSkybox":true,"showFlares":true,"showImageEffects":true,"showParticleSystems":true},"in2DMode":false,"pivot":{"x":-4.092237949371338,"y":-6.473146915435791,"z":-4.109519004821777},"rotation":{"x":-0.056532833725214007,"y":0.9307649731636047,"z":-0.32225802540779116,"w":-0.1633228212594986},"size":11.875341415405274,"orthographic":false}