{"cameraMode":{"drawMode":0,"name":"Shaded","section":"Shading Mode"},"sceneLighting":true,"audioPlay":false,"sceneViewState":{"showFog":true,"showMaterialUpdate":false,"showSkybox":true,"showFlares":true,"showImageEffects":true,"showParticleSystems":true},"in2DMode":false,"pivot":{"x":770.4694213867188,"y":-116.6861572265625,"z":57.83697509765625},"rotation":{"x":-0.04159492999315262,"y":0.8859157562255859,"z":-0.4548303484916687,"w":-0.0810178816318512},"size":278.89642333984377,"orthographic":false}