{"cameraMode":{"drawMode":0,"name":"Shaded","section":"Shading Mode"},"sceneLighting":true,"audioPlay":false,"sceneViewState":{"showFog":true,"showMaterialUpdate":false,"showSkybox":true,"showFlares":true,"showImageEffects":true,"showParticleSystems":true},"in2DMode":false,"pivot":{"x":0.0026870928704738619,"y":0.8097721338272095,"z":-3.4226531982421877},"rotation":{"x":-0.20907142758369447,"y":0.4090234041213989,"z":-0.09684690088033676,"w":-0.8829668164253235},"size":49.27061462402344,"orthographic":false}