{"cameraMode":{"drawMode":0,"name":"Shaded","section":"Shading Mode"},"sceneLighting":false,"audioPlay":false,"sceneViewState":{"showFog":true,"showMaterialUpdate":false,"showSkybox":false,"showFlares":true,"showImageEffects":true,"showParticleSystems":true},"in2DMode":false,"pivot":{"x":-0.0961342453956604,"y":-0.015803277492523195,"z":0.03850997984409332},"rotation":{"x":0.1981746256351471,"y":0.7645492553710938,"z":-0.27683067321777346,"w":0.5473174452781677},"size":0.3447837233543396,"orthographic":false}