{"cameraMode":{"drawMode":0,"name":"Shaded","section":"Shading Mode"},"sceneLighting":true,"audioPlay":false,"sceneViewState":{"showFog":true,"showMaterialUpdate":false,"showSkybox":true,"showFlares":true,"showImageEffects":true,"showParticleSystems":true},"in2DMode":false,"pivot":{"x":-0.01861339807510376,"y":-0.012143135070800782,"z":0.007108449935913086},"rotation":{"x":0.04203080013394356,"y":0.9252517223358154,"z":-0.3613318204879761,"w":0.10762682557106018},"size":2.1247448921203615,"orthographic":false}