{"cameraMode":{"drawMode":0,"name":"Shaded","section":"Shading Mode"},"sceneLighting":false,"audioPlay":false,"sceneViewState":{"showFog":true,"showMaterialUpdate":false,"showSkybox":false,"showFlares":true,"showImageEffects":true,"showParticleSystems":true},"in2DMode":false,"pivot":{"x":4.76837158203125e-7,"y":0.39733463525772097,"z":0.0},"rotation":{"x":-0.007491042371839285,"y":0.9788267612457275,"z":-0.2012835592031479,"w":-0.0364285483956337},"size":1.6880627870559693,"orthographic":false}